<?xml version="1.0" encoding="UTF-8"?>
<project-private xmlns="http://www.netbeans.org/ns/project-private/1">
    <editor-bookmarks xmlns="http://www.netbeans.org/ns/editor-bookmarks/2" lastBookmarkId="0"/>
    <open-files xmlns="http://www.netbeans.org/ns/projectui-open-files/2">
        <group>
            <file>file:/Users/mikeross/Software/Level2Cache/src/level2cache/Math.java</file>
            <file>file:/Users/mikeross/Software/Level2Cache/src/level2cache/Memory.java</file>
            <file>file:/Users/mikeross/Software/Level2Cache/src/level2cache/Level2Cache.java</file>
        </group>
    </open-files>
</project-private>
