<?xml version="1.0" encoding="UTF-8"?>
<project-private xmlns="http://www.netbeans.org/ns/project-private/1">
    <editor-bookmarks xmlns="http://www.netbeans.org/ns/editor-bookmarks/2" lastBookmarkId="0"/>
    <open-files xmlns="http://www.netbeans.org/ns/projectui-open-files/2">
        <group>
            <file>file://PFDC02/User%20Docs$/mjr/Documents/NetBeansProjects/BossApp_1/src/bossapp/BossApplication.java</file>
            <file>file://PFDC02/User%20Docs$/mjr/Documents/NetBeansProjects/BossApp_1/src/bossapp/BossApp.java</file>
        </group>
    </open-files>
</project-private>
